chr7	131522141	131522142	PODXL
chr7	131526982	131526983	PODXL
chr1	46058254	46058255	PIK3R3
chr1	46068168	46068169	PIK3R3
chr1	46075900	46075901	PIK3R3
chr15	51332553	51332554	CYP19A1
chr10	126328434	126328435	ADAM12
chr7	50396921	50396922	IKZF1
chr7	50397660	50397661	IKZF1
chr7	50400107	50400108	IKZF1
chr3	36491330	36491331	STAC
chr11	5329266	5329267	HBE1
chr11	5362699	5362700	HBE1
chr11	5398802	5398803	HBE1
chr11	5420001	5420002	HBE1
chr11	5502398	5502399	HBE1
chr5	113255169	113255170	MCC
chr11	132416311	132416312	OPCML
chr3	186357808	186357809	DGKG
chr19	6892161	6892162	ADGRE1
chr19	6892867	6892868	ADGRE1
chr13	92497204	92497205	GPC5
chr13	92510870	92510871	GPC5
chr4	26180252	26180253	RBPJ
chr4	26180426	26180427	RBPJ
chr4	107663169	107663170	PAPSS1
chr4	107668048	107668049	PAPSS1
chr6	151320185	151320186	AKAP12
chr6	106313786	106313787	ATG5
chr8	13601864	13601865	DLC1
chr8	13604374	13604375	DLC1
chr7	152836813	152836814	ACTR3B
chr1	41695116	41695117	HIVEP3
chr11	4976561	4976562	MMP26
chr13	35513408	35513409	NBEA
chr20	19296676	19296677	SLC24A3