Chromosome,Position,SNP,Minor Allele,Model,Case MAF,Control MAF,P value,Odds Ratio,Cerebral Malaria Cases P Value,Severe Malarial Anemia Cases P Value
1,6763848,rs448886,A,rec,0.31,0.34,2.50E-05,0.55(0.42-0.73),5.60E-06,2.80E-01
1,26159663,rs868551,A,dom,0.44,0.39,6.90E-05,1.43(1.2-1.71),5.50E-04,8.60E-03
1,30592296,rs454774,T,rec,0.35,0.31,2.10E-05,1.83(1.38-2.42),1.80E-05,5.20E-03
1,41695116,rs10789394,A,rec,0.34,0.32,8.10E-05,1.71(1.31-2.22),4.80E-05,1.30E-02
1,46033863,rs6429582,C,het,0.37,0.36,6.00E-05,1.42(1.2-1.68),1.20E-04,2.50E-03
1,46058254,rs10890361,A,het,0.37,0.36,9.40E-06,1.46(1.24-1.73),2.10E-05,1.00E-03
1,46068168,rs10890363,G,het,0.38,0.37,9.10E-05,1.4(1.18-1.66),1.30E-04,4.80E-03
1,46075900,rs7556436,G,het,0.38,0.37,5.20E-05,1.41(1.2-1.67),1.10E-04,3.00E-03
1,69232617,rs1507860,A,rec,0.34,0.32,4.80E-05,1.72(1.33-2.24),1.70E-03,3.20E-03
1,72957189,rs10889990,A,trend,0.39,0.34,5.10E-05,1.29(1.14-1.46),5.60E-05,2.70E-02
1,72957277,rs10889991,A,trend,0.39,0.34,7.70E-05,1.28(1.13-1.45),7.70E-05,4.00E-02
1,76147441,rs12405994,T,het,0.01,0.03,3.80E-07,0.31(0.19-0.51),1.20E-05,2.60E-03
1,76149217,rs1417402,A,het,0.01,0.03,5.00E-07,0.31(0.19-0.51),2.50E-05,1.50E-03
1,80250210,rs1414411,T,rec,0.4,0.37,5.20E-05,1.61(1.28-2.03),8.50E-05,5.10E-03
1,95266315,rs7512953,G,rec,0.32,0.36,2.30E-05,0.55(0.41-0.73),1.80E-04,1.10E-02
1,149593212,rs7411365,T,rec,0.12,0.16,1.80E-05,0.22(0.1-0.49),1.80E-04,2.40E-02
1,165291790,rs7556321,A,het,0.11,0.09,3.80E-05,1.6(1.28-2),1.20E-04,1.80E-02
1,166444255,rs10489181,C,rec,0.26,0.3,7.70E-05,0.55(0.4-0.74),2.30E-04,2.30E-03
1,189495605,rs10801153,A,trend,0.3,0.24,2.10E-06,1.37(1.2-1.57),5.20E-05,5.30E-03
1,201015281,rs4245727,C,dom,0.52,0.45,1.40E-05,1.51(1.25-1.83),2.60E-04,7.90E-04
1,233931532,rs12087410,G,trend,0.27,0.31,7.80E-05,0.77(0.67-0.88),4.30E-05,1.20E-01
2,66703760,rs12614369,G,het,0.13,0.1,3.60E-05,1.54(1.26-1.9),3.00E-06,8.80E-02
2,77406608,rs7563141,T,dom,0.31,0.36,7.20E-05,0.71(0.6-0.84),6.80E-04,1.80E-04
2,106702196,rs13025573,A,rec,0.11,0.14,2.90E-05,0.17(0.06-0.47),3.10E-04,2.50E-02
2,138566013,rs3113205,C,dom,0.31,0.35,3.80E-05,0.7(0.59-0.83),1.60E-04,2.00E-03
2,231702824,rs2136477,G,dom,0.35,0.39,5.20E-05,0.7(0.59-0.83),6.90E-04,8.30E-04
2,231704001,rs1543061,C,dom,0.33,0.38,9.60E-07,0.65(0.55-0.78),1.90E-05,3.20E-04
2,231704245,rs10192428,G,dom,0.32,0.38,5.10E-07,0.65(0.55-0.77),1.40E-05,1.80E-04
2,231705617,rs6750230,G,dom,0.37,0.42,1.60E-05,0.68(0.57-0.81),1.80E-04,1.10E-03
2,231705813,rs6750277,C,dom,0.43,0.46,6.60E-05,0.69(0.58-0.83),1.10E-03,1.50E-05
2,232893337,rs4973508,T,het,0.1,0.13,1.00E-05,0.62(0.5-0.77),8.90E-05,4.30E-03
3,36491330,rs1350146,A,rec,0.39,0.34,4.30E-05,1.66(1.3-2.11),7.00E-03,2.50E-04
3,43107448,rs488069,C,trend,0.27,0.21,7.60E-07,1.42(1.24-1.64),4.70E-06,2.20E-05
3,73952483,rs9848344,G,rec,0.42,0.46,8.00E-05,0.64(0.51-0.8),6.50E-04,4.60E-02
3,120986830,rs11712211,C,het,0.36,0.35,6.80E-06,1.47(1.24-1.75),3.70E-05,1.30E-02
3,136764722,rs9833932,T,het,0.31,0.29,4.70E-05,1.42(1.2-1.69),1.20E-03,3.00E-03
3,186357808,rs6797705,C,rec,0.13,0.14,3.20E-06,0.16(0.06-0.42),3.00E-04,1.30E-03
4,5645321,rs2267654,G,dom,0.37,0.32,8.50E-05,1.41(1.19-1.67),3.10E-03,1.00E-04
4,26180252,rs2046784,G,trend,0.26,0.33,2.50E-05,0.76(0.66-0.86),6.50E-05,5.90E-04
4,26180426,rs2130250,G,trend,0.26,0.33,3.80E-05,0.76(0.67-0.87),9.50E-05,9.40E-04
4,107663169,rs2949632,G,trend,0.27,0.33,6.50E-06,0.74(0.65-0.84),9.80E-05,1.30E-03
4,107668048,rs2949641,A,trend,0.25,0.31,1.30E-05,0.74(0.65-0.85),2.20E-04,9.30E-04
4,161042299,rs4690956,A,het,0.38,0.39,3.80E-05,0.7(0.59-0.83),3.70E-05,2.10E-02
5,1353025,rs2853668,G,dom,0.42,0.47,2.20E-05,0.67(0.56-0.81),6.50E-05,4.40E-03
5,43040037,rs316414,A,het,0.14,0.17,4.50E-07,0.6(0.49-0.73),5.20E-08,8.00E-03
5,43052407,rs222060,C,het,0.16,0.18,7.40E-05,0.68(0.57-0.83),7.50E-06,3.70E-02
5,43129786,rs316413,T,het,0.16,0.18,7.90E-05,0.68(0.56-0.83),9.70E-06,2.30E-02
5,79136473,rs259065,A,dom,0.32,0.38,9.40E-05,0.71(0.6-0.85),6.30E-04,4.30E-03
5,90761643,rs4432929,T,het,0.23,0.19,1.30E-04,1.41(1.19-1.69),8.20E-05,3.70E-03
5,104363645,rs2403256,T,het,0.22,0.18,5.00E-05,1.45(1.21-1.74),4.00E-04,3.70E-04
5,113255169,rs4449520,C,rec,0.37,0.32,4.90E-05,1.7(1.31-2.19),2.30E-04,2.70E-02
5,131398611,rs10074987,G,rec,0.37,0.41,7.00E-05,0.61(0.48-0.78),2.20E-05,4.20E-03
6,64116524,rs1741797,T,trend,0.04,0.07,5.20E-05,0.58(0.44-0.76),4.80E-04,5.70E-02
6,68532252,rs4541731,C,rec,0.24,0.2,5.20E-05,2.22(1.5-3.27),1.40E-04,6.90E-02
6,81389596,rs2874883,A,dom,0.48,0.44,7.20E-05,1.46(1.21-1.77),5.10E-04,3.30E-04
6,87795873,rs17822183,T,trend,0.05,0.09,3.90E-05,0.61(0.48-0.78),7.90E-04,2.70E-02
6,106313786,rs6568402,G,rec,0.56,0.5,8.60E-05,1.45(1.21-1.75),1.40E-03,3.70E-04
6,141138502,rs647706,T,trend,0.03,0.06,6.90E-05,0.55(0.41-0.75),1.60E-05,1.90E-01
6,151320185,rs712209,C,rec,0.34,0.39,1.10E-05,0.55(0.42-0.73),8.50E-06,1.50E-02
6,162315123,rs9458419,C,trend,0.22,0.28,1.40E-05,0.74(0.64-0.85),3.10E-05,4.10E-04
7,45023588,rs1294878,C,rec,0.18,0.22,8.20E-05,0.39(0.24-0.65),5.20E-04,1.90E-02
7,50396921,rs1451375,A,het,0.18,0.21,9.10E-05,0.7(0.58-0.84),8.20E-05,1.90E-02
7,50397660,rs10249420,G,het,0.18,0.21,6.80E-05,0.69(0.57-0.83),1.30E-04,1.40E-02
7,50400107,rs7803788,T,het,0.18,0.21,7.90E-05,0.69(0.58-0.83),2.00E-04,1.40E-02
7,131522141,rs10269601,A,trend,0.28,0.33,1.10E-05,0.75(0.66-0.85),1.80E-05,1.40E-04
7,131526982,rs4731867,T,trend,0.33,0.28,9.00E-05,1.29(1.14-1.47),1.00E-04,3.80E-02
7,152836813,rs1558301,A,het,0.2,0.25,5.80E-05,0.69(0.58-0.83),1.30E-04,7.40E-03
8,13601864,rs2410094,T,rec,0.19,0.21,6.00E-05,0.38(0.22-0.63),2.90E-04,1.80E-04
8,13604374,rs1384057,A,rec,0.16,0.2,2.40E-05,0.32(0.18-0.57),1.30E-04,1.50E-04
8,58951722,rs10504248,C,trend,0.41,0.46,7.80E-05,0.79(0.7-0.89),7.50E-04,9.40E-03
8,91509402,rs2205156,T,het,0.4,0.39,5.70E-06,1.47(1.25-1.74),1.90E-05,1.80E-02
8,103643839,rs2436893,A,het,0.37,0.37,5.10E-05,0.71(0.6-0.84),3.40E-05,9.00E-03
8,121010709,rs4871793,T,het,0.35,0.35,1.10E-04,1.4(1.18-1.65),3.10E-05,4.50E-03
8,128273398,rs1473581,T,rec,0.09,0.12,4.50E-05,0.11(0.03-0.46),4.70E-04,2.50E-02
9,104536830,rs10820709,A,dom,0.3,0.26,5.90E-05,1.41(1.19-1.67),6.40E-05,9.80E-03
10,4554553,rs1904667,A,rec,0.51,0.47,1.00E-05,1.55(1.28-1.89),6.90E-05,1.70E-03
10,5692243,rs7924096,C,rec,0.28,0.31,4.40E-05,0.52(0.38-0.72),1.20E-04,1.30E-02
10,23134834,rs946961,G,rec,0.31,0.36,6.90E-06,0.54(0.4-0.71),4.00E-06,4.20E-04
10,23138098,rs11013140,T,rec,0.32,0.36,5.60E-06,0.53(0.4-0.71),5.50E-06,3.50E-04
10,69217063,rs7392590,G,trend,0.33,0.39,9.20E-05,0.78(0.69-0.88),4.90E-05,2.60E-01
10,101094702,rs10786538,G,trend,0.12,0.09,2.50E-05,1.51(1.24-1.82),3.00E-04,2.00E-01
10,101094992,rs11190062,A,trend,0.12,0.09,1.30E-05,1.53(1.26-1.85),2.50E-04,1.30E-01
10,126328434,rs7076268,C,het,0.21,0.24,1.60E-05,0.67(0.56-0.81),7.80E-06,2.70E-01
10,126389556,rs4962686,T,het,0.22,0.25,7.30E-05,0.7(0.59-0.84),2.50E-04,9.10E-02
10,128203648,rs1370108,T,trend,0.22,0.27,1.50E-05,0.74(0.64-0.85),4.10E-05,3.30E-04
11,4672522,rs7105156,A,trend,0.33,0.27,7.10E-06,1.35(1.18-1.53),2.50E-04,6.70E-04
11,4976561,rs16908208,C,dom,0.09,0.13,1.40E-05,0.62(0.5-0.78),2.80E-05,3.90E-03
11,5017517,rs2034839,G,trend,0.41,0.35,4.30E-05,1.3(1.14-1.47),6.70E-04,2.80E-03
11,5018117,rs2499984,A,trend,0.38,0.33,7.70E-05,1.28(1.13-1.45),4.60E-04,1.30E-02
11,5023934,rs2500012,C,trend,0.42,0.36,4.40E-05,1.29(1.14-1.45),3.10E-04,7.40E-03
11,5023965,rs2500013,G,trend,0.43,0.37,8.30E-05,1.27(1.13-1.43),4.10E-04,1.60E-02
11,5029411,rs2959184,C,trend,0.42,0.36,2.90E-05,1.3(1.15-1.46),2.30E-04,6.10E-03
11,5182211,rs11036238,C,trend,0.09,0.14,3.90E-07,0.61(0.5-0.74),7.20E-06,1.20E-03
11,5265472,rs11036635,A,trend,0.24,0.31,4.80E-06,0.74(0.64-0.84),2.20E-04,3.10E-05
11,5329266,rs4373970,G,trend,0.07,0.11,6.70E-06,0.62(0.5-0.77),1.20E-05,3.50E-04
11,5362699,rs4910780,C,trend,0.07,0.11,2.30E-05,0.64(0.52-0.79),4.20E-05,4.30E-04
11,5398802,rs17359438,C,trend,0.07,0.11,1.10E-05,0.62(0.5-0.77),6.60E-05,6.20E-05
11,5420001,rs16931041,C,trend,0.09,0.14,1.10E-05,0.66(0.55-0.8),1.10E-04,1.30E-04
11,5502398,rs2010794,A,trend,0.18,0.25,4.80E-06,0.71(0.62-0.83),1.50E-04,9.30E-04
11,11723285,rs11022014,C,het,0.04,0.07,4.90E-05,0.55(0.41-0.74),5.90E-05,3.60E-02
11,19253638,rs11025082,A,dom,0.1,0.14,5.10E-05,0.66(0.54-0.81),1.10E-04,1.40E-02
11,93330656,rs1518555,A,rec,0.19,0.18,2.70E-05,2.76(1.7-4.51),1.30E-05,4.30E-03
11,95593141,rs16923343,A,dom,0.1,0.14,2.80E-05,0.65(0.53-0.8),9.90E-06,2.90E-02
11,132416311,rs11223336,G,rec,0.14,0.13,8.30E-05,3.26(1.77-6.01),5.00E-04,4.00E-03
12,103404657,rs2141857,A,trend,0.09,0.13,6.60E-05,0.68(0.56-0.82),1.20E-03,2.00E-03
13,22244768,rs4770301,T,dom,0.13,0.18,3.30E-05,0.67(0.55-0.81),4.40E-06,4.80E-02
13,35513408,rs1750719,T,trend,0.28,0.35,9.30E-05,0.77(0.68-0.88),1.80E-03,4.40E-03
13,38677861,rs7330452,C,dom,0.26,0.3,8.60E-05,0.71(0.6-0.85),5.20E-04,7.20E-03
13,53194050,rs2806735,G,het,0.25,0.21,9.10E-05,1.42(1.19-1.69),2.70E-04,1.00E-02
13,92497204,rs1444227,C,het,0.15,0.11,3.60E-05,1.54(1.25-1.89),9.90E-06,2.40E-02
13,92510870,rs1158878,A,het,0.15,0.12,4.20E-05,1.52(1.25-1.86),2.20E-05,4.30E-02
14,45436312,rs17726637,T,dom,0.16,0.11,1.20E-05,1.54(1.27-1.88),3.40E-04,2.00E-03
14,45504335,rs6572335,G,dom,0.17,0.12,9.30E-07,1.61(1.33-1.95),1.70E-05,1.30E-03
14,45537581,rs17728971,G,dom,0.16,0.12,6.50E-07,1.63(1.34-1.98),1.40E-05,1.10E-03
14,80923160,rs1569012,T,dom,0.36,0.31,2.80E-05,1.44(1.21-1.71),9.40E-05,2.10E-03
15,25447386,rs3097490,G,rec,0.24,0.26,6.70E-05,0.48(0.33-0.7),7.30E-04,3.70E-02
15,29021356,rs6493352,T,het,0.22,0.23,3.60E-05,0.69(0.58-0.82),2.90E-04,8.00E-05
15,51332553,rs492391,A,rec,0.26,0.3,2.00E-05,0.52(0.38-0.71),2.20E-04,9.80E-04
16,56025909,rs16957051,C,het,0.15,0.2,2.50E-05,0.66(0.55-0.8),4.80E-05,2.10E-03
16,56060831,rs2161647,A,dom,0.17,0.23,4.10E-05,0.69(0.58-0.82),3.70E-04,5.70E-03
16,77484117,rs11647676,A,rec,0.09,0.11,9.30E-05,0.12(0.03-0.5),8.00E-04,1.70E-03
16,77487717,rs2292124,C,rec,0.09,0.11,3.10E-05,0.06(0.01-0.47),2.60E-04,2.80E-03
17,10514884,rs6503319,T,dom,0.51,0.45,5.90E-05,1.48(1.22-1.79),1.10E-03,2.10E-02
18,22504209,rs12960395,A,rec,0.1,0.09,5.80E-05,7.39(2.54-21.51),2.30E-05,5.70E-02
19,6892161,rs460375,G,dom,0.45,0.48,1.20E-05,0.66(0.55-0.79),8.80E-05,1.00E-03
19,6892867,rs465543,G,dom,0.44,0.47,6.10E-05,0.68(0.57-0.82),3.70E-04,2.30E-03
19,46496816,rs11879562,C,dom,0.34,0.39,5.00E-05,0.7(0.59-0.83),1.80E-03,3.90E-04
19,63340171,rs159667,T,trend,0.04,0.07,7.80E-05,0.59(0.44-0.77),3.10E-04,1.20E-02
20,19296676,rs6112327,A,het,0.27,0.23,1.00E-05,1.47(1.24-1.75),2.40E-04,2.60E-04
20,51357376,rs6512879,G,rec,0.12,0.11,4.30E-05,5.21(2.19-12.39),1.80E-03,1.90E-04
21,15712084,rs2823263,C,het,0.12,0.09,1.80E-06,1.67(1.35-2.06),1.30E-05,1.90E-02
22,33566904,rs7286095,A,rec,0.23,0.26,4.60E-05,0.46(0.31-0.68),7.70E-05,5.60E-02
22,37078456,rs6001102,G,dom,0.17,0.21,8.40E-05,0.7(0.58-0.84),2.00E-04,1.10E-02
