E003	chr8	58951722	58951723	rs10504248
E004	chr5	43040037	43040038	rs316414
E004	chr8	58951722	58951723	rs10504248
E005	chr8	58951722	58951723	rs10504248
E005	chr10	4554553	4554554	rs1904667
E006	chr5	43040037	43040038	rs316414
E006	chr13	22244768	22244769	rs4770301
E007	chr13	22244768	22244769	rs4770301
E008	chr1	76149217	76149218	rs1417402
E011	chr8	58951722	58951723	rs10504248
E011	chr10	126389556	126389557	rs4962686
E011	chr16	56025909	56025910	rs16957051
E012	chr10	126389556	126389557	rs4962686
E012	chr11	5018117	5018118	rs2499984
E013	chr2	66703760	66703761	rs12614369
E013	chr4	107668048	107668049	rs2949641
E013	chr8	58951722	58951723	rs10504248
E013	chr10	23138098	23138099	rs11013140
E014	chr1	46068168	46068169	rs10890363
E014	chr8	58951722	58951723	rs10504248
E016	chr8	58951722	58951723	rs10504248
E017	chr2	66703760	66703761	rs12614369
E017	chr5	43040037	43040038	rs316414
E017	chr13	22244768	22244769	rs4770301
E020	chr2	106702196	106702197	rs13025573
E022	chr8	58951722	58951723	rs10504248
E026	chr1	46068168	46068169	rs10890363
E026	chr5	43040037	43040038	rs316414
E026	chr8	58951722	58951723	rs10504248
E029	chr5	43040037	43040038	rs316414
E029	chr10	126328434	126328435	rs7076268
E029	chr10	126389556	126389557	rs4962686
E032	chr5	43040037	43040038	rs316414
E032	chr10	126328434	126328435	rs7076268
E032	chr10	126389556	126389557	rs4962686
E032	chr19	6892161	6892162	rs460375
E034	chr2	106702196	106702197	rs13025573
E034	chr5	43040037	43040038	rs316414
E034	chr10	126328434	126328435	rs7076268
E034	chr10	126389556	126389557	rs4962686
E034	chr13	22244768	22244769	rs4770301
E034	chr19	6892161	6892162	rs460375
E034	chr19	6892867	6892868	rs465543
E037	chr2	106702196	106702197	rs13025573
E037	chr5	43040037	43040038	rs316414
E037	chr7	45023588	45023589	rs1294878
E037	chr10	126328434	126328435	rs7076268
E037	chr10	126389556	126389557	rs4962686
E037	chr13	22244768	22244769	rs4770301
E038	chr2	106702196	106702197	rs13025573
E038	chr5	43040037	43040038	rs316414
E038	chr13	22244768	22244769	rs4770301
E039	chr2	106702196	106702197	rs13025573
E039	chr5	43040037	43040038	rs316414
E039	chr7	45023588	45023589	rs1294878
E039	chr13	22244768	22244769	rs4770301
E039	chr19	6892161	6892162	rs460375
E039	chr19	6892867	6892868	rs465543
E040	chr2	106702196	106702197	rs13025573
E040	chr5	43040037	43040038	rs316414
E040	chr7	45023588	45023589	rs1294878
E040	chr10	126328434	126328435	rs7076268
E040	chr10	126389556	126389557	rs4962686
E041	chr2	106702196	106702197	rs13025573
E041	chr5	43040037	43040038	rs316414
E041	chr7	45023588	45023589	rs1294878
E041	chr10	126328434	126328435	rs7076268
E041	chr10	126389556	126389557	rs4962686
E041	chr13	22244768	22244769	rs4770301
E041	chr19	6892161	6892162	rs460375
E041	chr19	6892867	6892868	rs465543
E042	chr2	106702196	106702197	rs13025573
E042	chr4	26180252	26180253	rs2046784
E042	chr4	26180426	26180427	rs2130250
E042	chr5	43040037	43040038	rs316414
E042	chr7	45023588	45023589	rs1294878
E042	chr10	126389556	126389557	rs4962686
E042	chr13	22244768	22244769	rs4770301
E042	chr19	6892161	6892162	rs460375
E043	chr2	106702196	106702197	rs13025573
E043	chr5	43040037	43040038	rs316414
E043	chr10	126328434	126328435	rs7076268
E043	chr10	126389556	126389557	rs4962686
E044	chr2	106702196	106702197	rs13025573
E044	chr5	43040037	43040038	rs316414
E044	chr10	126389556	126389557	rs4962686
E044	chr19	6892161	6892162	rs460375
E045	chr2	106702196	106702197	rs13025573
E045	chr5	43040037	43040038	rs316414
E045	chr7	45023588	45023589	rs1294878
E045	chr10	126328434	126328435	rs7076268
E045	chr10	126389556	126389557	rs4962686
E045	chr13	22244768	22244769	rs4770301
E046	chr5	43040037	43040038	rs316414
E046	chr10	126389556	126389557	rs4962686
E046	chr13	22244768	22244769	rs4770301
E047	chr2	106702196	106702197	rs13025573
E047	chr5	43040037	43040038	rs316414
E047	chr13	22244768	22244769	rs4770301
E048	chr2	106702196	106702197	rs13025573
E048	chr5	43040037	43040038	rs316414
E048	chr10	126389556	126389557	rs4962686
E048	chr13	22244768	22244769	rs4770301
E049	chr5	43040037	43040038	rs316414
E049	chr7	45023588	45023589	rs1294878
E049	chr8	58951722	58951723	rs10504248
E049	chr10	23138098	23138099	rs11013140
E049	chr11	11723285	11723286	rs11022014
E050	chr1	46075900	46075901	rs7556436
E050	chr2	66703760	66703761	rs12614369
E050	chr5	43040037	43040038	rs316414
E050	chr5	43129786	43129787	rs316413
E050	chr7	45023588	45023589	rs1294878
E050	chr19	6892161	6892162	rs460375
E050	chr19	6892867	6892868	rs465543
E055	chr5	43040037	43040038	rs316414
E056	chr1	46033863	46033864	rs6429582
E056	chr5	43040037	43040038	rs316414
E056	chr7	45023588	45023589	rs1294878
E056	chr10	126328434	126328435	rs7076268
E058	chr7	45023588	45023589	rs1294878
E059	chr10	126328434	126328435	rs7076268
E061	chr10	23138098	23138099	rs11013140
E061	chr10	126389556	126389557	rs4962686
E061	chr17	10514884	10514885	rs6503319
E062	chr5	43040037	43040038	rs316414
E062	chr19	6892867	6892868	rs465543
E063	chr5	43040037	43040038	rs316414
E063	chr8	58951722	58951723	rs10504248
E063	chr10	126389556	126389557	rs4962686
E065	chr2	66703760	66703761	rs12614369
E065	chr3	36491330	36491331	rs1350146
E065	chr5	43040037	43040038	rs316414
E065	chr10	23138098	23138099	rs11013140
E066	chr3	186357808	186357809	rs6797705
E066	chr5	43040037	43040038	rs316414
E066	chr10	5692243	5692244	rs7924096
E066	chr10	23138098	23138099	rs11013140
E066	chr10	126389556	126389557	rs4962686
E067	chr2	232893337	232893338	rs4973508
E067	chr5	43040037	43040038	rs316414
E067	chr5	79136473	79136474	rs259065
E067	chr10	23134834	23134835	rs946961
E067	chr10	23138098	23138099	rs11013140
E067	chr10	126328434	126328435	rs7076268
E067	chr10	126389556	126389557	rs4962686
E068	chr1	46033863	46033864	rs6429582
E068	chr1	95266315	95266316	rs7512953
E068	chr2	106702196	106702197	rs13025573
E068	chr2	232893337	232893338	rs4973508
E068	chr5	43040037	43040038	rs316414
E068	chr5	79136473	79136474	rs259065
E068	chr8	58951722	58951723	rs10504248
E068	chr10	23134834	23134835	rs946961
E068	chr10	23138098	23138099	rs11013140
E068	chr10	126328434	126328435	rs7076268
E068	chr10	126389556	126389557	rs4962686
E069	chr5	43040037	43040038	rs316414
E069	chr5	79136473	79136474	rs259065
E069	chr8	58951722	58951723	rs10504248
E069	chr10	23134834	23134835	rs946961
E069	chr10	23138098	23138099	rs11013140
E069	chr10	126328434	126328435	rs7076268
E069	chr10	126389556	126389557	rs4962686
E069	chr13	22244768	22244769	rs4770301
E069	chr14	45436312	45436313	rs17726637
E071	chr1	46033863	46033864	rs6429582
E071	chr2	232893337	232893338	rs4973508
E071	chr5	43040037	43040038	rs316414
E071	chr8	58951722	58951723	rs10504248
E071	chr10	23134834	23134835	rs946961
E071	chr10	23138098	23138099	rs11013140
E071	chr10	126328434	126328435	rs7076268
E071	chr10	126389556	126389557	rs4962686
E071	chr13	22244768	22244769	rs4770301
E072	chr2	106702196	106702197	rs13025573
E072	chr2	232893337	232893338	rs4973508
E072	chr5	43040037	43040038	rs316414
E072	chr5	79136473	79136474	rs259065
E072	chr8	58951722	58951723	rs10504248
E072	chr10	23134834	23134835	rs946961
E072	chr10	23138098	23138099	rs11013140
E072	chr10	126328434	126328435	rs7076268
E072	chr10	126389556	126389557	rs4962686
E072	chr13	22244768	22244769	rs4770301
E072	chr19	6892161	6892162	rs460375
E073	chr5	43040037	43040038	rs316414
E073	chr5	79136473	79136474	rs259065
E073	chr8	58951722	58951723	rs10504248
E073	chr10	23138098	23138099	rs11013140
E073	chr10	126389556	126389557	rs4962686
E073	chr13	22244768	22244769	rs4770301
E074	chr5	43040037	43040038	rs316414
E074	chr8	58951722	58951723	rs10504248
E074	chr10	23134834	23134835	rs946961
E074	chr10	23138098	23138099	rs11013140
E074	chr10	126328434	126328435	rs7076268
E074	chr10	126389556	126389557	rs4962686
E075	chr5	43040037	43040038	rs316414
E075	chr10	126389556	126389557	rs4962686
E076	chr8	58951722	58951723	rs10504248
E076	chr13	22244768	22244769	rs4770301
E078	chr5	43040037	43040038	rs316414
E078	chr10	23138098	23138099	rs11013140
E079	chr1	46033863	46033864	rs6429582
E079	chr3	186357808	186357809	rs6797705
E079	chr5	43040037	43040038	rs316414
E079	chr10	23138098	23138099	rs11013140
E079	chr10	126389556	126389557	rs4962686
E079	chr13	22244768	22244769	rs4770301
E080	chr1	26159663	26159664	rs868551
E080	chr5	43040037	43040038	rs316414
E080	chr10	23138098	23138099	rs11013140
E080	chr10	126389556	126389557	rs4962686
E080	chr13	22244768	22244769	rs4770301
E084	chr5	43040037	43040038	rs316414
E084	chr8	121010709	121010710	rs4871793
E084	chr10	126389556	126389557	rs4962686
E084	chr13	22244768	22244769	rs4770301
E085	chr10	126389556	126389557	rs4962686
E085	chr13	22244768	22244769	rs4770301
E087	chr2	66703760	66703761	rs12614369
E089	chr1	46068168	46068169	rs10890363
E089	chr5	43040037	43040038	rs316414
E089	chr8	58951722	58951723	rs10504248
E089	chr13	22244768	22244769	rs4770301
E090	chr2	232893337	232893338	rs4973508
E090	chr4	26180426	26180427	rs2130250
E090	chr5	43040037	43040038	rs316414
E090	chr8	58951722	58951723	rs10504248
E090	chr10	4554553	4554554	rs1904667
E090	chr10	126389556	126389557	rs4962686
E090	chr13	22244768	22244769	rs4770301
E091	chr1	26159663	26159664	rs868551
E091	chr1	46033863	46033864	rs6429582
E091	chr5	43040037	43040038	rs316414
E091	chr8	103643839	103643840	rs2436893
E091	chr10	126389556	126389557	rs4962686
E091	chr11	19253638	19253639	rs11025082
E091	chr13	22244768	22244769	rs4770301
E092	chr2	66703760	66703761	rs12614369
E092	chr5	43040037	43040038	rs316414
E092	chr5	79136473	79136474	rs259065
E092	chr10	23138098	23138099	rs11013140
E092	chr10	126389556	126389557	rs4962686
E092	chr13	22244768	22244769	rs4770301
E093	chr2	106702196	106702197	rs13025573
E093	chr5	1353025	1353026	rs2853668
E093	chr5	43040037	43040038	rs316414
E093	chr10	126328434	126328435	rs7076268
E093	chr10	126389556	126389557	rs4962686
E093	chr19	6892161	6892162	rs460375
E093	chr19	6892867	6892868	rs465543
E094	chr5	43040037	43040038	rs316414
E094	chr10	23138098	23138099	rs11013140
E095	chr2	232893337	232893338	rs4973508
E095	chr5	43040037	43040038	rs316414
E095	chr8	58951722	58951723	rs10504248
E095	chr10	23138098	23138099	rs11013140
E095	chr10	126328434	126328435	rs7076268
E095	chr10	126389556	126389557	rs4962686
E095	chr13	22244768	22244769	rs4770301
E096	chr2	66703760	66703761	rs12614369
E096	chr5	43040037	43040038	rs316414
E096	chr7	45023588	45023589	rs1294878
E096	chr8	58951722	58951723	rs10504248
E096	chr10	23138098	23138099	rs11013140
E096	chr10	126328434	126328435	rs7076268
E096	chr10	126389556	126389557	rs4962686
E096	chr13	22244768	22244769	rs4770301
E097	chr10	126389556	126389557	rs4962686
E098	chr10	23138098	23138099	rs11013140
E100	chr5	43040037	43040038	rs316414
E100	chr8	58951722	58951723	rs10504248
E100	chr10	126389556	126389557	rs4962686
E100	chr13	22244768	22244769	rs4770301
E100	chr17	10514884	10514885	rs6503319
E101	chr5	43040037	43040038	rs316414
E101	chr10	126389556	126389557	rs4962686
E102	chr5	43040037	43040038	rs316414
E102	chr10	126389556	126389557	rs4962686
E102	chr13	22244768	22244769	rs4770301
E103	chr1	6763848	6763849	rs448886
E103	chr5	43040037	43040038	rs316414
E103	chr10	23138098	23138099	rs11013140
E104	chr5	43040037	43040038	rs316414
E104	chr8	58951722	58951723	rs10504248
E104	chr10	23138098	23138099	rs11013140
E104	chr10	126389556	126389557	rs4962686
E105	chr5	43040037	43040038	rs316414
E105	chr8	58951722	58951723	rs10504248
E105	chr10	23138098	23138099	rs11013140
E105	chr10	126328434	126328435	rs7076268
E105	chr10	126389556	126389557	rs4962686
E105	chr13	22244768	22244769	rs4770301
E106	chr5	43040037	43040038	rs316414
E106	chr10	23138098	23138099	rs11013140
E106	chr10	126389556	126389557	rs4962686
E106	chr13	22244768	22244769	rs4770301
E106	chr19	6892867	6892868	rs465543
E108	chr5	43040037	43040038	rs316414
E108	chr8	58951722	58951723	rs10504248
E108	chr10	23138098	23138099	rs11013140
E108	chr10	126389556	126389557	rs4962686
E108	chr11	19253638	19253639	rs11025082
E108	chr14	80923160	80923161	rs1569012
E108	chr17	10514884	10514885	rs6503319
E109	chr5	43040037	43040038	rs316414
E109	chr10	23138098	23138099	rs11013140
E109	chr10	126389556	126389557	rs4962686
E109	chr13	22244768	22244769	rs4770301
E111	chr2	66703760	66703761	rs12614369
E111	chr5	43040037	43040038	rs316414
E111	chr8	58951722	58951723	rs10504248
E111	chr10	23138098	23138099	rs11013140
E111	chr10	126389556	126389557	rs4962686
E111	chr13	22244768	22244769	rs4770301
E112	chr2	106702196	106702197	rs13025573
E112	chr5	43040037	43040038	rs316414
E112	chr10	126389556	126389557	rs4962686
E112	chr13	22244768	22244769	rs4770301
E112	chr19	6892161	6892162	rs460375
E112	chr19	6892867	6892868	rs465543
E113	chr5	43040037	43040038	rs316414
E113	chr8	58951722	58951723	rs10504248
E113	chr10	23138098	23138099	rs11013140
E113	chr10	126328434	126328435	rs7076268
E113	chr10	126389556	126389557	rs4962686
E113	chr19	6892161	6892162	rs460375
E114	chr5	43040037	43040038	rs316414
E115	chr5	1353025	1353026	rs2853668
E115	chr5	43040037	43040038	rs316414
E115	chr10	126328434	126328435	rs7076268
E115	chr10	126389556	126389557	rs4962686
E115	chr13	22244768	22244769	rs4770301
E115	chr14	45436312	45436313	rs17726637
E115	chr19	6892161	6892162	rs460375
E115	chr19	6892867	6892868	rs465543
E116	chr5	43040037	43040038	rs316414
E116	chr7	45023588	45023589	rs1294878
E117	chr5	43040037	43040038	rs316414
E117	chr7	45023588	45023589	rs1294878
E118	chr5	43040037	43040038	rs316414
E120	chr1	46068168	46068169	rs10890363
E120	chr5	43040037	43040038	rs316414
E120	chr8	58951722	58951723	rs10504248
E121	chr8	58951722	58951723	rs10504248
E121	chr10	23138098	23138099	rs11013140
E122	chr5	43040037	43040038	rs316414
E122	chr11	19253638	19253639	rs11025082
E123	chr5	43040037	43040038	rs316414
E123	chr7	45023588	45023589	rs1294878
E124	chr1	46075900	46075901	rs7556436
E124	chr4	107668048	107668049	rs2949641
E124	chr5	43040037	43040038	rs316414
E124	chr7	45023588	45023589	rs1294878
E124	chr10	126328434	126328435	rs7076268
E124	chr10	126389556	126389557	rs4962686
E124	chr19	6892161	6892162	rs460375
E124	chr19	6892867	6892868	rs465543
E125	chr5	43040037	43040038	rs316414
E126	chr5	43040037	43040038	rs316414
E126	chr10	4554553	4554554	rs1904667
E127	chr3	186357808	186357809	rs6797705
E128	chr4	26180252	26180253	rs2046784
E128	chr4	26180426	26180427	rs2130250
E128	chr5	43040037	43040038	rs316414
E128	chr8	58951722	58951723	rs10504248
E129	chr1	46068168	46068169	rs10890363
E129	chr5	43040037	43040038	rs316414
RBC	chr7	4976561	4976562	rs16908208
RBC	chr7	5329266	5329267	rs4373970
RBC	chr1	5362699	5362700	rs4910780
RBC	chr1	5398802	5398803	rs17359438
RBC	chr1	5420001	5420002	rs16931041
RBC	chr15	5502398	5502399	rs2010794
RBC	chr10	6892161	6892162	rs460375
RBC	chr7	6892867	6892868	rs465543
RBC	chr7	13601864	13601865	rs2410094
RBC	chr7	13604374	13604375	rs1384057
RBC	chr3	19296676	19296677	rs6112327
RBC	chr11	26180252	26180253	rs2046784
RBC	chr11	26180426	26180427	rs2130250
RBC	chr11	35513408	35513409	rs1750719
RBC	chr11	36491330	36491331	rs1350146
RBC	chr11	41695116	41695117	rs10789394
RBC	chr5	46058254	46058255	rs10890361
RBC	chr11	46068168	46068169	rs10890363
RBC	chr3	46075900	46075901	rs7556436
RBC	chr19	50396921	50396922	rs1451375
RBC	chr19	50397660	50397661	rs10249420
RBC	chr13	50400107	50400108	rs7803788
RBC	chr13	51332553	51332554	rs492391
RBC	chr4	92497204	92497205	rs1444227
RBC	chr4	92510870	92510871	rs1158878
RBC	chr4	106313786	106313787	rs6568402
RBC	chr4	107663169	107663170	rs2949632
RBC	chr6	107668048	107668049	rs2949641
RBC	chr6	113255169	113255170	rs4449520
RBC	chr8	126328434	126328435	rs7076268
RBC	chr8	131522141	131522142	rs10269601
RBC	chr7	131526982	131526983	rs4731867
RBC	chr1	132416311	132416312	rs11223336
RBC	chr11	151320185	151320186	rs712209
RBC	chr13	152836813	152836814	rs1558301
RBC	chr20	186357808	186357809	rs6797705
